{
	"info": {
		"_postman_id": "d4472fda-5a4a-48c0-9ef1-1b2e5521c569",
		"name": "BostonGaming",
		"schema": "https://schema.getpostman.com/json/collection/v2.1.0/collection.json"
	},
	"item": [
		{
			"name": "About",
			"item": [
				{
					"name": "Hent about",
					"request": {
						"method": "GET",
						"header": [],
						"url": {
							"raw": "http://localhost:5039/about",
							"protocol": "http",
							"host": [
								"localhost"
							],
							"port": "5039",
							"path": [
								"about"
							]
						},
						"description": "Henter about - der er kun 1 document"
					},
					"response": []
				},
				{
					"name": "Ret about (ADMIN)",
					"request": {
						"method": "PUT",
						"header": [
							{
								"key": "Content-Type",
								"value": "application/x-www-form-urlencoded",
								"type": "text"
							}
						],
						"body": {
							"mode": "urlencoded",
							"urlencoded": [
								{
									"key": "content1",
									"value": "Man kan fremad se, at de har været udset til at læse, at der skal dannes par af ligheder. Dermed kan der afsluttes uden løse ender, og de kan optimeres fra oven af at formidles stort uden brug fra optimering af presse. I en kant af landet går der blandt om, at de vil sætte den over forbehold for tiden. Vi flotter med et hold, der vil rundt og se sig om i byen. ",
									"type": "text"
								},
								{
									"key": "content2",
									"value": "Det gør heller ikke mere. Men hvor vi nu overbringer denne størrelse til det søgeoptimering handler om, så kan der fortælles op til 3 gange. Hvis det er træet til dit bord der får dig op, er det snarere varmen over de andre. Selv om hun har sat alt mere frem, og derfor ikke længere kan betragtes som den glade giver, er det en nem sammenstilling, som bærer ved i lang tid.",
									"type": "text"
								}
							]
						},
						"url": {
							"raw": "http://localhost:5039/about/admin",
							"protocol": "http",
							"host": [
								"localhost"
							],
							"port": "5039",
							"path": [
								"about",
								"admin"
							]
						},
						"description": "Retter i data i about"
					},
					"response": []
				}
			],
			"protocolProfileBehavior": {}
		},
		{
			"name": "Category",
			"item": [
				{
					"name": "Hent alle category",
					"request": {
						"method": "GET",
						"header": [],
						"url": {
							"raw": "http://localhost:5039/category",
							"protocol": "http",
							"host": [
								"localhost"
							],
							"port": "5039",
							"path": [
								"category"
							]
						}
					},
					"response": []
				},
				{
					"name": "Hent udvalgt category - ud fra ID",
					"request": {
						"method": "GET",
						"header": [],
						"url": {
							"raw": "http://localhost:5039/category/5f95c7b29c318e74c0590ac1",
							"protocol": "http",
							"host": [
								"localhost"
							],
							"port": "5039",
							"path": [
								"category",
								"5f95c7b29c318e74c0590ac1"
							]
						}
					},
					"response": []
				},
				{
					"name": "Opret category (ADMIN)",
					"request": {
						"method": "POST",
						"header": [
							{
								"warning": "This is a duplicate header and will be overridden by the Content-Type header generated by Postman.",
								"key": "Content-Type",
								"value": "application/x-www-form-urlencoded",
								"type": "text"
							}
						],
						"body": {
							"mode": "urlencoded",
							"urlencoded": [
								{
									"key": "title",
									"value": "Ny kategori",
									"type": "text"
								}
							]
						},
						"url": {
							"raw": "http://localhost:5039/category/admin",
							"protocol": "http",
							"host": [
								"localhost"
							],
							"port": "5039",
							"path": [
								"category",
								"admin"
							]
						}
					},
					"response": []
				},
				{
					"name": "Ret category (ADMIN)",
					"request": {
						"method": "PUT",
						"header": [
							{
								"warning": "This is a duplicate header and will be overridden by the Content-Type header generated by Postman.",
								"key": "Content-Type",
								"value": "application/x-www-form-urlencoded",
								"type": "text"
							}
						],
						"body": {
							"mode": "urlencoded",
							"urlencoded": [
								{
									"key": "title",
									"value": "Rettet kategori",
									"type": "text"
								}
							]
						},
						"url": {
							"raw": "http://localhost:5039/category/admin/5f9e8e082d730f48cc13286c",
							"protocol": "http",
							"host": [
								"localhost"
							],
							"port": "5039",
							"path": [
								"category",
								"admin",
								"5f9e8e082d730f48cc13286c"
							]
						}
					},
					"response": []
				},
				{
					"name": "Slet category (ADMIN)",
					"request": {
						"method": "DELETE",
						"header": [],
						"url": {
							"raw": "http://localhost:5039/category/admin/5f9e8e082d730f48cc13286c",
							"protocol": "http",
							"host": [
								"localhost"
							],
							"port": "5039",
							"path": [
								"category",
								"admin",
								"5f9e8e082d730f48cc13286c"
							]
						}
					},
					"response": []
				}
			],
			"protocolProfileBehavior": {}
		},
		{
			"name": "Contact",
			"item": [
				{
					"name": "Hent alle contact/beskeder (ADMIN)",
					"request": {
						"method": "GET",
						"header": [],
						"url": {
							"raw": "http://localhost:5039/contact/admin",
							"protocol": "http",
							"host": [
								"localhost"
							],
							"port": "5039",
							"path": [
								"contact",
								"admin"
							]
						}
					},
					"response": []
				},
				{
					"name": "Hent udvalgt contact/besked - ud fra ID (ADMIN)",
					"request": {
						"method": "GET",
						"header": [],
						"url": {
							"raw": "http://localhost:5039/contact/admin/5f95c9ab0841c14f6c050187",
							"protocol": "http",
							"host": [
								"localhost"
							],
							"port": "5039",
							"path": [
								"contact",
								"admin",
								"5f95c9ab0841c14f6c050187"
							]
						}
					},
					"response": []
				},
				{
					"name": "Opret contact/besked",
					"request": {
						"method": "POST",
						"header": [
							{
								"key": "Content-Type",
								"value": "application/x-www-form-urlencoded",
								"type": "text"
							}
						],
						"body": {
							"mode": "urlencoded",
							"urlencoded": [
								{
									"key": "name",
									"value": "Jens Jensen",
									"type": "text"
								},
								{
									"key": "email",
									"value": "xxx@xxxx.dk",
									"type": "text"
								},
								{
									"key": "phonenumber",
									"value": "00000000",
									"type": "text"
								},
								{
									"key": "message",
									"value": "Her er en ny besked fra en bruger/kunde ....",
									"type": "text"
								}
							]
						},
						"url": {
							"raw": "http://localhost:5039/contact",
							"protocol": "http",
							"host": [
								"localhost"
							],
							"port": "5039",
							"path": [
								"contact"
							]
						}
					},
					"response": []
				},
				{
					"name": "Ret udvalg contact/besked read-status - se description herunder",
					"request": {
						"method": "PATCH",
						"header": [
							{
								"key": "Content-Type",
								"value": "application/x-www-form-urlencoded",
								"type": "text"
							}
						],
						"body": {
							"mode": "urlencoded",
							"urlencoded": [
								{
									"key": "read",
									"value": "true",
									"type": "text"
								}
							]
						},
						"url": {
							"raw": "http://localhost:5039/admin/contact/5f9eff0075ee57611c4ab34e",
							"protocol": "http",
							"host": [
								"localhost"
							],
							"port": "5039",
							"path": [
								"admin",
								"contact",
								"5f9eff0075ee57611c4ab34e"
							]
						}
					},
					"response": []
				},
				{
					"name": "Slet contact (ADMIN)",
					"request": {
						"method": "DELETE",
						"header": [],
						"url": {
							"raw": "http://localhost:5039/contact/admin/5f95c9ab0841c14f6c050187",
							"protocol": "http",
							"host": [
								"localhost"
							],
							"port": "5039",
							"path": [
								"contact",
								"admin",
								"5f95c9ab0841c14f6c050187"
							]
						}
					},
					"response": []
				}
			],
			"protocolProfileBehavior": {}
		},
		{
			"name": "Footer",
			"item": [
				{
					"name": "Hent footer",
					"request": {
						"method": "GET",
						"header": [],
						"url": {
							"raw": "http://localhost:5039/footer",
							"protocol": "http",
							"host": [
								"localhost"
							],
							"port": "5039",
							"path": [
								"footer"
							]
						}
					},
					"response": []
				},
				{
					"name": "Ret footer (ADMIN)",
					"request": {
						"method": "PUT",
						"header": [
							{
								"key": "Content-Type",
								"value": "application/x-www-form-urlencoded",
								"type": "text"
							}
						],
						"body": {
							"mode": "urlencoded",
							"urlencoded": [
								{
									"key": "about",
									"value": "Boston Gaming is a small newly founded company, driven by the passion of custom pc builds.",
									"type": "text"
								},
								{
									"key": "location",
									"value": "Duevej 851, 8000 Aarhus C",
									"type": "text"
								}
							]
						},
						"url": {
							"raw": "http://localhost:5039/footer/admin",
							"protocol": "http",
							"host": [
								"localhost"
							],
							"port": "5039",
							"path": [
								"footer",
								"admin"
							]
						}
					},
					"response": []
				}
			],
			"protocolProfileBehavior": {}
		},
		{
			"name": "Gear",
			"item": [
				{
					"name": "Hent alle gear",
					"request": {
						"method": "GET",
						"header": [],
						"url": {
							"raw": "http://localhost:5039/gear",
							"protocol": "http",
							"host": [
								"localhost"
							],
							"port": "5039",
							"path": [
								"gear"
							]
						}
					},
					"response": []
				},
				{
					"name": "Hent udvalgt gear - ud fra ID",
					"request": {
						"method": "GET",
						"header": [],
						"url": {
							"raw": "http://localhost:5039/gear/5f99c37f3017c27f70b7068f",
							"protocol": "http",
							"host": [
								"localhost"
							],
							"port": "5039",
							"path": [
								"gear",
								"5f99c37f3017c27f70b7068f"
							]
						}
					},
					"response": []
				},
				{
					"name": "Hent udvalgt gear - ud fra categoryID",
					"request": {
						"method": "GET",
						"header": [],
						"url": {
							"raw": "http://localhost:5039/gear/gearcategory/5f99bd1c69c11173904871cb",
							"protocol": "http",
							"host": [
								"localhost"
							],
							"port": "5039",
							"path": [
								"gear",
								"gearcategory",
								"5f99bd1c69c11173904871cb"
							]
						}
					},
					"response": []
				}
			],
			"protocolProfileBehavior": {}
		},
		{
			"name": "GearCategory",
			"item": [
				{
					"name": "Hent alle gearcategory",
					"request": {
						"method": "GET",
						"header": [],
						"url": {
							"raw": "http://localhost:5039/gearcategory",
							"protocol": "http",
							"host": [
								"localhost"
							],
							"port": "5039",
							"path": [
								"gearcategory"
							]
						}
					},
					"response": []
				},
				{
					"name": "Hent udvalgt gearcategory - ud fra ID",
					"request": {
						"method": "GET",
						"header": [],
						"url": {
							"raw": "http://localhost:5039/gearcategory/5f99bd1c69c11173904871cb",
							"protocol": "http",
							"host": [
								"localhost"
							],
							"port": "5039",
							"path": [
								"gearcategory",
								"5f99bd1c69c11173904871cb"
							]
						}
					},
					"response": []
				}
			],
			"protocolProfileBehavior": {}
		},
		{
			"name": "Login",
			"item": [
				{
					"name": "Login",
					"request": {
						"method": "POST",
						"header": [
							{
								"key": "Content-Type",
								"type": "text",
								"value": "application/x-www-form-urlencoded",
								"warning": "This is a duplicate header and will be overridden by the Content-Type header generated by Postman."
							}
						],
						"body": {
							"mode": "urlencoded",
							"urlencoded": [
								{
									"key": "email",
									"value": "jn@testmail.dk",
									"type": "text"
								},
								{
									"key": "password",
									"value": "admin123",
									"type": "text"
								}
							],
							"options": {
								"raw": {
									"language": "json"
								}
							}
						},
						"url": {
							"raw": "http://localhost:5039/login/login",
							"protocol": "http",
							"host": [
								"localhost"
							],
							"port": "5039",
							"path": [
								"login",
								"login"
							]
						}
					},
					"response": []
				},
				{
					"name": "Logout",
					"request": {
						"method": "GET",
						"header": [],
						"url": {
							"raw": "http://localhost:5039/login/logout",
							"protocol": "http",
							"host": [
								"localhost"
							],
							"port": "5039",
							"path": [
								"login",
								"logout"
							]
						}
					},
					"response": []
				},
				{
					"name": "Logged in ?",
					"request": {
						"method": "GET",
						"header": [],
						"url": {
							"raw": "http://localhost:5039/login/loggedin",
							"protocol": "http",
							"host": [
								"localhost"
							],
							"port": "5039",
							"path": [
								"login",
								"loggedin"
							]
						}
					},
					"response": []
				}
			],
			"protocolProfileBehavior": {}
		},
		{
			"name": "Newssubscription",
			"item": [
				{
					"name": "Hent alle newssubscription (ADMIN)",
					"request": {
						"method": "GET",
						"header": [],
						"url": {
							"raw": "http://localhost:5039/newssubscription/admin",
							"protocol": "http",
							"host": [
								"localhost"
							],
							"port": "5039",
							"path": [
								"newssubscription",
								"admin"
							]
						}
					},
					"response": []
				},
				{
					"name": "Hent udvalgt newssubscription - ud fra ID (ADMIN)",
					"request": {
						"method": "GET",
						"header": [],
						"url": {
							"raw": "http://localhost:5039/newssubscription/admin/5f95cc90595ad72688f95509",
							"protocol": "http",
							"host": [
								"localhost"
							],
							"port": "5039",
							"path": [
								"newssubscription",
								"admin",
								"5f95cc90595ad72688f95509"
							]
						}
					},
					"response": []
				},
				{
					"name": "Opret newssubscription",
					"request": {
						"method": "POST",
						"header": [
							{
								"key": "Content-Type",
								"type": "text",
								"value": "application/x-www-form-urlencoded",
								"warning": "This is a duplicate header and will be overridden by the Content-Type header generated by Postman."
							}
						],
						"body": {
							"mode": "urlencoded",
							"urlencoded": [
								{
									"key": "email",
									"value": "nytilmelding@testmail.dk",
									"type": "text"
								},
								{
									"key": "name",
									"value": "Ny Jens Jensen",
									"type": "text"
								}
							]
						},
						"url": {
							"raw": "http://localhost:5039/newssubscription",
							"protocol": "http",
							"host": [
								"localhost"
							],
							"port": "5039",
							"path": [
								"newssubscription"
							]
						}
					},
					"response": []
				},
				{
					"name": "Ret newssubscription (ADMIN)",
					"request": {
						"method": "PUT",
						"header": [
							{
								"key": "Content-Type",
								"type": "text",
								"value": "application/x-www-form-urlencoded",
								"warning": "This is a duplicate header and will be overridden by the Content-Type header generated by Postman."
							}
						],
						"body": {
							"mode": "urlencoded",
							"urlencoded": [
								{
									"key": "email",
									"value": "rettettilmelding@testmail.dk",
									"type": "text"
								},
								{
									"key": "name",
									"value": "Rettet Jens Jensen",
									"type": "text"
								}
							]
						},
						"url": {
							"raw": "http://localhost:5039/newssubscription/admin/5f9ea1781d2b0f62d0815a98",
							"protocol": "http",
							"host": [
								"localhost"
							],
							"port": "5039",
							"path": [
								"newssubscription",
								"admin",
								"5f9ea1781d2b0f62d0815a98"
							]
						}
					},
					"response": []
				},
				{
					"name": "Slet newssubscription - ud fra ID (ADMIN)",
					"request": {
						"method": "DELETE",
						"header": [],
						"url": {
							"raw": "http://localhost:5039/newssubscription/admin/5f95cc90595ad72688f95509",
							"protocol": "http",
							"host": [
								"localhost"
							],
							"port": "5039",
							"path": [
								"newssubscription",
								"admin",
								"5f95cc90595ad72688f95509"
							]
						}
					},
					"response": []
				},
				{
					"name": "Slet newssubscription - ud fra email",
					"request": {
						"method": "DELETE",
						"header": [],
						"url": {
							"raw": "http://localhost:5039/newssubscription/admin/5f95cc90595ad72688f95509",
							"protocol": "http",
							"host": [
								"localhost"
							],
							"port": "5039",
							"path": [
								"newssubscription",
								"admin",
								"5f95cc90595ad72688f95509"
							]
						}
					},
					"response": []
				}
			],
			"protocolProfileBehavior": {}
		},
		{
			"name": "Product",
			"item": [
				{
					"name": "Hent alle product",
					"request": {
						"method": "GET",
						"header": [],
						"url": {
							"raw": "http://localhost:5039/product",
							"protocol": "http",
							"host": [
								"localhost"
							],
							"port": "5039",
							"path": [
								"product"
							]
						}
					},
					"response": []
				},
				{
					"name": "Hent alle product - limit (begræns antal)",
					"request": {
						"method": "GET",
						"header": [],
						"url": {
							"raw": "http://localhost:5039/product?limit=2",
							"protocol": "http",
							"host": [
								"localhost"
							],
							"port": "5039",
							"path": [
								"product"
							],
							"query": [
								{
									"key": "limit",
									"value": "2"
								}
							]
						}
					},
					"response": []
				},
				{
					"name": "Hent alle product i udvalgt category - ud fra categoryID",
					"request": {
						"method": "GET",
						"header": [],
						"url": {
							"raw": "http://localhost:5039/product/category/5f95c7b29c318e74c0590ac1",
							"protocol": "http",
							"host": [
								"localhost"
							],
							"port": "5039",
							"path": [
								"product",
								"category",
								"5f95c7b29c318e74c0590ac1"
							]
						}
					},
					"response": []
				},
				{
					"name": "Søg produkt",
					"request": {
						"method": "GET",
						"header": [],
						"url": {
							"raw": "http://localhost:5039/product/search/friend",
							"protocol": "http",
							"host": [
								"localhost"
							],
							"port": "5039",
							"path": [
								"product",
								"search",
								"friend"
							]
						}
					},
					"response": []
				},
				{
					"name": "Hent udvalgt product - ud fra ID",
					"request": {
						"method": "GET",
						"header": [],
						"url": {
							"raw": "http://localhost:5039/product/5f95d5c4595ad72688f95510",
							"protocol": "http",
							"host": [
								"localhost"
							],
							"port": "5039",
							"path": [
								"product",
								"5f95d5c4595ad72688f95510"
							]
						}
					},
					"response": []
				},
				{
					"name": "Opret product (ADMIN)",
					"request": {
						"method": "POST",
						"header": [
							{
								"key": "Content-Type",
								"value": "multipart/form-data",
								"type": "text"
							}
						],
						"body": {
							"mode": "formdata",
							"formdata": [
								{
									"key": "title",
									"value": "Nyt produkts title her",
									"type": "text"
								},
								{
									"key": "content",
									"value": "Produktets beskrivelse her",
									"type": "text"
								},
								{
									"key": "category",
									"value": "5f95c7b29c318e74c0590ac1",
									"description": "ID fra category-collection",
									"type": "text"
								},
								{
									"key": "productimage",
									"description": "Browse/vælg et image/image-fil",
									"type": "file",
									"src": []
								}
							]
						},
						"url": {
							"raw": "http://localhost:5039/product/admin",
							"protocol": "http",
							"host": [
								"localhost"
							],
							"port": "5039",
							"path": [
								"product",
								"admin"
							]
						}
					},
					"response": []
				},
				{
					"name": "Ret product (ADMIN)",
					"request": {
						"method": "PUT",
						"header": [
							{
								"key": "Content-Type",
								"value": "multipart/form-data",
								"type": "text"
							}
						],
						"body": {
							"mode": "formdata",
							"formdata": [
								{
									"key": "title",
									"value": "Rettet produkts title her",
									"type": "text"
								},
								{
									"key": "content",
									"value": "Produktets rettede beskrivelse her",
									"type": "text"
								},
								{
									"key": "category",
									"value": "5f95c7b29c318e74c0590ac1",
									"description": "ID fra category-collection",
									"type": "text"
								},
								{
									"key": "productimage",
									"description": "Browse/vælg et image/image-fil",
									"type": "file",
									"src": []
								}
							]
						},
						"url": {
							"raw": "http://localhost:5039/product/admin/5f9ea42cd049182bec76c325",
							"protocol": "http",
							"host": [
								"localhost"
							],
							"port": "5039",
							"path": [
								"product",
								"admin",
								"5f9ea42cd049182bec76c325"
							]
						}
					},
					"response": []
				},
				{
					"name": "Slet product (ADMIN)",
					"request": {
						"method": "DELETE",
						"header": [],
						"url": {
							"raw": "http://localhost:5039/product/admin/5f9ea42cd049182bec76c325",
							"protocol": "http",
							"host": [
								"localhost"
							],
							"port": "5039",
							"path": [
								"product",
								"admin",
								"5f9ea42cd049182bec76c325"
							]
						}
					},
					"response": []
				}
			],
			"protocolProfileBehavior": {}
		},
		{
			"name": "Slider",
			"item": [
				{
					"name": "Hent alle slider",
					"request": {
						"method": "GET",
						"header": [],
						"url": {
							"raw": "http://localhost:5039/slider",
							"protocol": "http",
							"host": [
								"localhost"
							],
							"port": "5039",
							"path": [
								"slider"
							]
						}
					},
					"response": []
				},
				{
					"name": "Hent udvalgt slider - ud fra ID",
					"request": {
						"method": "GET",
						"header": [],
						"url": {
							"raw": "http://localhost:5039/slider/5f95dc79595ad72688f95516",
							"protocol": "http",
							"host": [
								"localhost"
							],
							"port": "5039",
							"path": [
								"slider",
								"5f95dc79595ad72688f95516"
							]
						}
					},
					"response": []
				},
				{
					"name": "Opret slider (ADMIN)",
					"request": {
						"method": "POST",
						"header": [
							{
								"key": "Content-Type",
								"value": "multipart/form-data",
								"type": "text"
							}
						],
						"body": {
							"mode": "formdata",
							"formdata": [
								{
									"key": "sliderimage",
									"type": "file",
									"src": []
								},
								{
									"key": "alttext",
									"value": "Sliders image alt-tekst her",
									"type": "text"
								}
							]
						},
						"url": {
							"raw": "http://localhost:5039/slider/admin",
							"protocol": "http",
							"host": [
								"localhost"
							],
							"port": "5039",
							"path": [
								"slider",
								"admin"
							]
						}
					},
					"response": []
				},
				{
					"name": "Ret slider (ADMIN)",
					"request": {
						"method": "PUT",
						"header": [
							{
								"key": "Content-Type",
								"value": "multipart/form-data",
								"type": "text"
							}
						],
						"body": {
							"mode": "formdata",
							"formdata": [
								{
									"key": "sliderimage",
									"type": "file",
									"src": []
								},
								{
									"key": "alttext",
									"value": "Sliders rettede image alt-tekst her",
									"type": "text"
								}
							]
						},
						"url": {
							"raw": "http://localhost:5039/slider/admin/5f9ea8cf4de46b69001f26a3",
							"protocol": "http",
							"host": [
								"localhost"
							],
							"port": "5039",
							"path": [
								"slider",
								"admin",
								"5f9ea8cf4de46b69001f26a3"
							]
						}
					},
					"response": []
				},
				{
					"name": "Slet slider (ADMIN)",
					"request": {
						"method": "DELETE",
						"header": [],
						"url": {
							"raw": "http://localhost:5039/slider/admin/5f9f0621e3f25811c84186e2",
							"protocol": "http",
							"host": [
								"localhost"
							],
							"port": "5039",
							"path": [
								"slider",
								"admin",
								"5f9f0621e3f25811c84186e2"
							]
						}
					},
					"response": []
				}
			],
			"protocolProfileBehavior": {}
		},
		{
			"name": "User",
			"item": [
				{
					"name": "Hent alle user (ADMIN)",
					"request": {
						"method": "GET",
						"header": [],
						"url": {
							"raw": "http://localhost:5039/user/admin",
							"protocol": "http",
							"host": [
								"localhost"
							],
							"port": "5039",
							"path": [
								"user",
								"admin"
							]
						}
					},
					"response": []
				},
				{
					"name": "Hent alle user - ud fra ID (ADMIN)",
					"request": {
						"method": "GET",
						"header": [],
						"url": {
							"raw": "http://localhost:5039/user/admin/5f95b8382920897a104fd28e",
							"protocol": "http",
							"host": [
								"localhost"
							],
							"port": "5039",
							"path": [
								"user",
								"admin",
								"5f95b8382920897a104fd28e"
							]
						}
					},
					"response": []
				},
				{
					"name": "Opret user (ADMIN)",
					"request": {
						"method": "POST",
						"header": [
							{
								"key": "Content-Type",
								"type": "text",
								"value": "application/x-www-form-urlencoded",
								"warning": "This is a duplicate header and will be overridden by the Content-Type header generated by Postman."
							}
						],
						"body": {
							"mode": "urlencoded",
							"urlencoded": [
								{
									"key": "name",
									"value": "Ny brugers name",
									"type": "text"
								},
								{
									"key": "email",
									"value": "xx@xx.dk",
									"type": "text"
								},
								{
									"key": "password",
									"value": "nytpassword123",
									"type": "text"
								}
							]
						},
						"url": {
							"raw": "http://localhost:5039/user/admin",
							"protocol": "http",
							"host": [
								"localhost"
							],
							"port": "5039",
							"path": [
								"user",
								"admin"
							]
						}
					},
					"response": []
				},
				{
					"name": "Ret user (ADMIN)",
					"request": {
						"method": "PUT",
						"header": [
							{
								"key": "Content-Type",
								"type": "text",
								"value": "application/x-www-form-urlencoded",
								"warning": "This is a duplicate header and will be overridden by the Content-Type header generated by Postman."
							}
						],
						"body": {
							"mode": "urlencoded",
							"urlencoded": [
								{
									"key": "name",
									"value": "Rettet brugers name",
									"type": "text"
								},
								{
									"key": "email",
									"value": "yy@yy.dk",
									"type": "text"
								},
								{
									"key": "password",
									"value": "rettetpassword123",
									"type": "text"
								}
							]
						},
						"url": {
							"raw": "http://localhost:5039/user/admin/5f9ebbc60a542262f082607d",
							"protocol": "http",
							"host": [
								"localhost"
							],
							"port": "5039",
							"path": [
								"user",
								"admin",
								"5f9ebbc60a542262f082607d"
							]
						}
					},
					"response": []
				},
				{
					"name": "Slet user (ADMIN)",
					"request": {
						"method": "DELETE",
						"header": [],
						"url": {
							"raw": "http://localhost:5039/user/admin/5f9ebbc60a542262f082607d",
							"protocol": "http",
							"host": [
								"localhost"
							],
							"port": "5039",
							"path": [
								"user",
								"admin",
								"5f9ebbc60a542262f082607d"
							]
						}
					},
					"response": []
				}
			],
			"protocolProfileBehavior": {}
		}
	],
	"protocolProfileBehavior": {}
}